Feature,Spearman_Correlation,P_Value,Significant,Abs_Corr
bra size,0.7373883105825103,0.0,True,0.7373883105825103
hips,0.5690171301097513,0.0,True,0.5690171301097513
quality,-0.036716712837244966,4.794408056438051e-25,True,0.036716712837244966
user_id,-0.0063194558260355116,0.07531283355540407,False,0.0063194558260355116
waist,,,False,
shoe size,,,False,
